{
  "fetching-client-side": {
    "4Hz": {
      "iterations": 3,
      "latency": {
        "avg": 62415.333333333336,
        "min": 62391,
        "max": 62432,
        "count": 3
      },
      "resources": {
        "avgCPUTotal": 3439.3724124091314,
        "avgMemoryRSS": 103.59246978688276,
        "avgMemoryHeap": 40.51302948342766,
        "maxCPUTotal": 4418.743250560725,
        "maxMemoryRSS": 195.640625,
        "maxMemoryHeap": 108.74,
        "samples": 3080.6666666666665
      },
      "hasLatencyData": true,
      "hasResourceData": true
    },
    "8Hz": {
      "iterations": 3,
      "latency": {
        "avg": 62475,
        "min": 62405,
        "max": 62527,
        "count": 3
      },
      "resources": {
        "avgCPUTotal": 4302.525773959934,
        "avgMemoryRSS": 114.89599783161945,
        "avgMemoryHeap": 44.759806816987414,
        "maxCPUTotal": 4320.733927613939,
        "maxMemoryRSS": 203.609375,
        "maxMemoryHeap": 120.67,
        "samples": 1493
      },
      "hasLatencyData": true,
      "hasResourceData": true
    },
    "16Hz": {
      "iterations": 3,
      "latency": {
        "avg": 62627.333333333336,
        "min": 62596,
        "max": 62672,
        "count": 3
      },
      "resources": {
        "avgCPUTotal": 6882.837965053936,
        "avgMemoryRSS": 124.3609620375401,
        "avgMemoryHeap": 49.016421304153745,
        "maxCPUTotal": 6980.818979180647,
        "maxMemoryRSS": 226.890625,
        "maxMemoryHeap": 137.4,
        "samples": 1491.6666666666667
      },
      "hasLatencyData": true,
      "hasResourceData": true
    },
    "32Hz": {
      "iterations": 3,
      "latency": {
        "avg": 63092.666666666664,
        "min": 63070,
        "max": 63125,
        "count": 3
      },
      "resources": {
        "avgCPUTotal": 10429.644230795611,
        "avgMemoryRSS": 123.68224579719072,
        "avgMemoryHeap": 60.68462624690009,
        "maxCPUTotal": 10856.596450967316,
        "maxMemoryRSS": 355.234375,
        "maxMemoryHeap": 266.99,
        "samples": 1498.6666666666667
      },
      "hasLatencyData": true,
      "hasResourceData": true
    },
    "64Hz": {
      "iterations": 3,
      "latency": {
        "avg": 63924.666666666664,
        "min": 63891,
        "max": 63986,
        "count": 3
      },
      "resources": {
        "avgCPUTotal": 12421.932650441866,
        "avgMemoryRSS": 137.29977715333118,
        "avgMemoryHeap": 81.25976622063551,
        "maxCPUTotal": 14156.87271323036,
        "maxMemoryRSS": 495.515625,
        "maxMemoryHeap": 444.38,
        "samples": 1490.3333333333333
      },
      "hasLatencyData": true,
      "hasResourceData": true
    },
    "128Hz": {
      "iterations": 3,
      "latency": {
        "avg": 66133.33333333333,
        "min": 65961,
        "max": 66250,
        "count": 3
      },
      "resources": {
        "avgCPUTotal": 13903.165756589093,
        "avgMemoryRSS": 149.72081123154877,
        "avgMemoryHeap": 101.03019127950876,
        "maxCPUTotal": 14222.64882949933,
        "maxMemoryRSS": 717.578125,
        "maxMemoryHeap": 697.32,
        "samples": 1481.3333333333333
      },
      "hasLatencyData": true,
      "hasResourceData": true
    }
  },
  "streaming-query-hive": {
    "4Hz": {
      "iterations": 3,
      "latency": null,
      "resources": {
        "avgCPUTotal": 1428119.3224778038,
        "avgMemoryRSS": 120.80838566461578,
        "avgMemoryHeap": 41.06825317338109,
        "maxCPUTotal": 1524058.4623584277,
        "maxMemoryRSS": 182.75,
        "maxMemoryHeap": 82.65,
        "samples": 1604.6666666666667
      },
      "hasLatencyData": false,
      "hasResourceData": true
    },
    "8Hz": {
      "iterations": 3,
      "latency": null,
      "resources": {
        "avgCPUTotal": 2438471.297057325,
        "avgMemoryRSS": 123.3436433915524,
        "avgMemoryHeap": 50.77625791564316,
        "maxCPUTotal": 2527231.704197202,
        "maxMemoryRSS": 180.515625,
        "maxMemoryHeap": 95.15,
        "samples": 1501.3333333333333
      },
      "hasLatencyData": false,
      "hasResourceData": true
    },
    "16Hz": {
      "iterations": 3,
      "latency": null,
      "resources": {
        "avgCPUTotal": 3940525.2972543924,
        "avgMemoryRSS": 134.76058881117865,
        "avgMemoryHeap": 61.13320244689677,
        "maxCPUTotal": 4038981.379010695,
        "maxMemoryRSS": 198.171875,
        "maxMemoryHeap": 124.91,
        "samples": 1495.3333333333333
      },
      "hasLatencyData": false,
      "hasResourceData": true
    },
    "32Hz": {
      "iterations": 3,
      "latency": null,
      "resources": {
        "avgCPUTotal": 6342353.222903308,
        "avgMemoryRSS": 132.10886970986937,
        "avgMemoryHeap": 74.36853408165366,
        "maxCPUTotal": 6478293.463364993,
        "maxMemoryRSS": 264.15625,
        "maxMemoryHeap": 189.82,
        "samples": 1490
      },
      "hasLatencyData": false,
      "hasResourceData": true
    },
    "64Hz": {
      "iterations": 3,
      "latency": null,
      "resources": {
        "avgCPUTotal": 450938.50722707884,
        "avgMemoryRSS": 69.98616302458235,
        "avgMemoryHeap": 30.80178129643563,
        "maxCPUTotal": 564960.6644474035,
        "maxMemoryRSS": 133.6875,
        "maxMemoryHeap": 34.2,
        "samples": 1047.3333333333333
      },
      "hasLatencyData": false,
      "hasResourceData": true
    },
    "128Hz": null
  },
  "approximation-approach": {
    "4Hz": {
      "iterations": 3,
      "latency": null,
      "resources": {
        "avgCPUTotal": 3370.169913734682,
        "avgMemoryRSS": 114.42819490847758,
        "avgMemoryHeap": 43.52681467392403,
        "maxCPUTotal": 3447.6219504021437,
        "maxMemoryRSS": 156.703125,
        "maxMemoryHeap": 68.59,
        "samples": 1489.6666666666667
      },
      "hasLatencyData": false,
      "hasResourceData": true
    },
    "8Hz": {
      "iterations": 3,
      "latency": null,
      "resources": {
        "avgCPUTotal": 4928.534614931539,
        "avgMemoryRSS": 120.81931325539018,
        "avgMemoryHeap": 47.64097458723589,
        "maxCPUTotal": 4959.606888440858,
        "maxMemoryRSS": 176.328125,
        "maxMemoryHeap": 88.65,
        "samples": 1488.3333333333333
      },
      "hasLatencyData": false,
      "hasResourceData": true
    },
    "16Hz": {
      "iterations": 3,
      "latency": null,
      "resources": {
        "avgCPUTotal": 7402.764819896237,
        "avgMemoryRSS": 126.65047090060519,
        "avgMemoryHeap": 53.04681818946694,
        "maxCPUTotal": 7440.920671140934,
        "maxMemoryRSS": 191.3125,
        "maxMemoryHeap": 104.92,
        "samples": 1489.6666666666667
      },
      "hasLatencyData": false,
      "hasResourceData": true
    },
    "32Hz": {
      "iterations": 3,
      "latency": null,
      "resources": {
        "avgCPUTotal": 10775.991227037235,
        "avgMemoryRSS": 135.45857409288013,
        "avgMemoryHeap": 59.83772537990572,
        "maxCPUTotal": 10994.838796791433,
        "maxMemoryRSS": 213.21875,
        "maxMemoryHeap": 130.39,
        "samples": 1495.6666666666667
      },
      "hasLatencyData": false,
      "hasResourceData": true
    },
    "64Hz": {
      "iterations": 3,
      "latency": null,
      "resources": {
        "avgCPUTotal": 13230.986106559661,
        "avgMemoryRSS": 146.2761172196239,
        "avgMemoryHeap": 72.40568899681698,
        "maxCPUTotal": 13525.300127260536,
        "maxMemoryRSS": 260.71875,
        "maxMemoryHeap": 190.54,
        "samples": 1491
      },
      "hasLatencyData": false,
      "hasResourceData": true
    },
    "128Hz": {
      "iterations": 3,
      "latency": null,
      "resources": {
        "avgCPUTotal": 14526.93547495213,
        "avgMemoryRSS": 138.21133082275927,
        "avgMemoryHeap": 95.37712975253358,
        "maxCPUTotal": 14698.770127260532,
        "maxMemoryRSS": 360.3125,
        "maxMemoryHeap": 295.27,