{
  "fetching-client-side": {
    "4Hz": {
      "iterations": 3,
      "latency": {
        "avg": 62415.333333333336,
        "min": 62391,
        "max": 62432,
        "count": 3
      },
      "resources": {
        "avgCPUTotal": 3439.3724124091314,
        "avgMemoryRSS": 103.59246978688276,
        "avgMemoryHeap": 40.51302948342766,
        "maxCPUTotal": 4418.743250560725,
        "maxMemoryRSS": 195.640625,
        "maxMemoryHeap": 108.74,
        "samples": 3080.6666666666665
      },
      "hasLatencyData": true,
      "hasResourceData": true,
      "m4Metrics": {
        "cpu": {
          "raw": 3439.3724124091314,
          "normalized": 343.9372412409131,
          "coreUtilization": 3.4393724124091314,
          "equivalentCoresUsed": 34.393724124091314
        },
        "efficiency": {
          "cpuEfficiency": 0.18147303010322777,
          "memoryEfficiency": 0.6025084010617593,
          "throughputPerCore": 0.00046583219690426634,
          "powerEfficiency": 0.0002806678121198761,
          "coreUtilization": 3.4393724124091314
        },
        "latencySeconds": 62.415333333333336,
        "memoryMB": 103.59246978688276
      }
    },
    "8Hz": {
      "iterations": 3,
      "latency": {
        "avg": 62475,
        "min": 62405,
        "max": 62527,
        "count": 3
      },
      "resources": {
        "avgCPUTotal": 4302.525773959934,
        "avgMemoryRSS": 114.89599783161945,
        "avgMemoryHeap": 44.759806816987414,
        "maxCPUTotal": 4320.733927613939,
        "maxMemoryRSS": 203.609375,
        "maxMemoryHeap": 120.67,
        "samples": 1493
      },
      "hasLatencyData": true,
      "hasResourceData": true,
      "m4Metrics": {
        "cpu": {
          "raw": 4302.525773959934,
          "normalized": 430.2525773959934,
          "coreUtilization": 4.302525773959934,
          "equivalentCoresUsed": 43.02525773959934
        },
        "efficiency": {
          "cpuEfficiency": 0.14520540557389763,
          "memoryEfficiency": 0.5437526213189546,
          "throughputPerCore": 0.00037202339746340504,
          "powerEfficiency": 0.00020228869756270984,
          "coreUtilization": 4.302525773959934
        },
        "latencySeconds": 62.475,
        "memoryMB": 114.89599783161945
      }
    },
    "16Hz": {
      "iterations": 3,
      "latency": {
        "avg": 62627.333333333336,
        "min": 62596,
        "max": 62672,
        "count": 3
      },
      "resources": {
        "avgCPUTotal": 6882.837965053936,
        "avgMemoryRSS": 124.3609620375401,
        "avgMemoryHeap": 49.016421304153745,
        "maxCPUTotal": 6980.818979180647,
        "maxMemoryRSS": 226.890625,
        "maxMemoryHeap": 137.4,
        "samples": 1491.6666666666667
      },
      "hasLatencyData": true,
      "hasResourceData": true,
      "m4Metrics": {
        "cpu": {
          "raw": 6882.837965053936,
          "normalized": 688.2837965053936,
          "coreUtilization": 6.882837965053937,
          "equivalentCoresUsed": 68.82837965053936
        },
        "efficiency": {
          "cpuEfficiency": 0.09099056762822189,
          "memoryEfficiency": 0.5035931879847343,
          "throughputPerCore": 0.0002319896098723251,
          "powerEfficiency": 0.00011682838721493896,
          "coreUtilization": 6.882837965053937
        },
        "latencySeconds": 62.62733333333333,
        "memoryMB": 124.3609620375401
      }
    },
    "32Hz": {
      "iterations": 3,
      "latency": {
        "avg": 63092.666666666664,
        "min": 63070,
        "max": 63125,
        "count": 3
      },
      "resources": {
        "avgCPUTotal": 10429.644230795611,
        "avgMemoryRSS": 123.68224579719072,
        "avgMemoryHeap": 60.68462624690009,
        "maxCPUTotal": 10856.596450967316,
        "maxMemoryRSS": 355.234375,
        "maxMemoryHeap": 266.99,
        "samples": 1498.6666666666667
      },
      "hasLatencyData": true,
      "hasResourceData": true,
      "m4Metrics": {
        "cpu": {
          "raw": 10429.644230795611,
          "normalized": 1042.9644230795611,
          "coreUtilization": 10.429644230795612,
          "equivalentCoresUsed": 104.29644230795611
        },
        "efficiency": {
          "cpuEfficiency": 0.060493594288070676,
          "memoryEfficiency": 0.5101190252489718,
          "throughputPerCore": 0.00015196781599813335,
          "powerEfficiency": 0.00007752167416618289,
          "coreUtilization": 10.429644230795612
        },
        "latencySeconds": 63.092666666666666,
        "memoryMB": 123.68224579719072
      }
    },
    "64Hz": {
      "iterations": 3,
      "latency": {
        "avg": 63924.666666666664,
        "min": 63891,
        "max": 63986,
        "count": 3
      },
      "resources": {
        "avgCPUTotal": 12421.932650441866,
        "avgMemoryRSS": 137.29977715333118,
        "avgMemoryHeap": 81.25976622063551,
        "maxCPUTotal": 14156.87271323036,
        "maxMemoryRSS": 495.515625,
        "maxMemoryHeap": 444.38,
        "samples": 1490.3333333333333
      },
      "hasLatencyData": true,
      "hasResourceData": true,
      "m4Metrics": {
        "cpu": {
          "raw": 12421.932650441866,
          "normalized": 1242.1932650441865,
          "coreUtilization": 12.421932650441866,
          "equivalentCoresUsed": 124.21932650441866
        },
        "efficiency": {
          "cpuEfficiency": 0.05146112804306082,
          "memoryEfficiency": 0.46558463525602106,
          "throughputPerCore": 0.00012593381433983398,
          "powerEfficiency": 0.000058632849015811076,
          "coreUtilization": 12.421932650441866
        },
        "latencySeconds": 63.92466666666667,
        "memoryMB": 137.29977715333118
      }
    },
    "128Hz": {
      "iterations": 3,
      "latency": {
        "avg": 66133.33333333333,
        "min": 65961,
        "max": 66250,
        "count": 3
      },
      "resources": {
        "avgCPUTotal": 13903.165756589093,
        "avgMemoryRSS": 149.72081123154877,
        "avgMemoryHeap": 101.03019127950876,
        "maxCPUTotal": 14222.64882949933,
        "maxMemoryRSS": 717.578125,
        "maxMemoryHeap": 697.32,
        "samples": 1481.3333333333333
      },
      "hasLatencyData": true,
      "hasResourceData": true,
      "m4Metrics": {
        "cpu": {
          "raw": 13903.165756589093,
          "normalized": 1390.3165756589092,
          "coreUtilization": 13.903165756589091,
          "equivalentCoresUsed": 139.03165756589092
        },
        "efficiency": {
          "cpuEfficiency": 0.04756710413381278,
          "memoryEfficiency": 0.44171102727366124,
          "throughputPerCore": 0.00010875917044123021,
          "powerEfficiency": 0.000048040124901027015,
          "coreUtilization": 13.903165756589091
        },
        "latencySeconds": 66.13333333333333,
        "memoryMB": 149.72081123154877
      }
    }
  },
  "streaming-query-hive": {
    "4Hz": {
      "iterations": 3,
      "latency": null,
      "resources": {
        "avgCPUTotal": 1428119.3224778038,
        "avgMemoryRSS": 120.80838566461578,
        "avgMemoryHeap": 41.06825317338109,
        "maxCPUTotal": 1524058.4623584277,
        "maxMemoryRSS": 182.75,
        "maxMemoryHeap": 82.65,
        "samples": 1604.6666666666667
      },
      "hasLatencyData": false,
      "hasResourceData": true
    },
    "8Hz": {
      "iterations": 3,
      "latency": null,
      "resources": {
        "avgCPUTotal": 2438471.297057325,
        "avgMemoryRSS": 123.3436433915524,
        "avgMemoryHeap": 50.77625791564316,
        "maxCPUTotal": 2527231.704197202,
        "maxMemoryRSS": 180.515625,
        "maxMemoryHeap": 95.15,
        "samples": 1501.3333333333333
      },
      "hasLatencyData": false,
      "hasResourceData": true
    },
    "16Hz": {
      "iterations": 3,
      "latency": null,
      "resources": {
        "avgCPUTotal": 3940525.2972543924,
        "avgMemoryRSS": 134.76058881117865,